Customer ID,Customer Name,Segment_Consumer,Segment_Corporate,Segment_Home Office
AA-10315,Alex Avila,True,False,False
AA-10375,Allen Armold,True,False,False
AA-10480,Andrew Allen,True,False,False
AA-10645,Anna Andreadi,True,False,False
AA-315,Alex Avila,True,False,False
AA-375,Allen Armold,True,False,False
AA-480,Andrew Allen,True,False,False
AA-645,Anna Andreadi,True,False,False
AB-10015,Aaron Bergman,True,False,False
AB-10105,Adrian Barton,True,False,False
AB-10150,Aimee Bixby,True,False,False
AB-10165,Alan Barnes,True,False,False
AB-105,Adrian Barton,True,False,False
AB-15,Aaron Bergman,True,False,False
AB-150,Aimee Bixby,True,False,False
AB-165,Alan Barnes,True,False,False
AC-10450,Amy Cox,True,False,False
AC-10660,Anna Chung,True,False,False
AC-450,Amy Cox,True,False,False
AC-660,Anna Chung,True,False,False
AF-10870,Art Ferguson,True,False,False
AF-10885,Art Foster,True,False,False
AF-870,Art Ferguson,True,False,False
AF-885,Art Foster,True,False,False
AG-10270,Alejandro Grove,True,False,False
AG-10330,Alex Grayson,True,False,False
AG-10390,Allen Goldenen,True,False,False
AG-10675,Anna Gayman,True,False,False
AG-10900,Arthur Gainer,True,False,False
AG-270,Alejandro Grove,True,False,False
AG-330,Alex Grayson,True,False,False
AG-390,Allen Goldenen,True,False,False
AG-675,Anna Gayman,True,False,False
AG-900,Arthur Gainer,True,False,False
AH-10210,Alan Hwang,True,False,False
AH-10465,Amy Hunt,True,False,False
AH-10585,Angele Hood,True,False,False
AH-210,Alan Hwang,True,False,False
AH-465,Amy Hunt,True,False,False
AH-585,Angele Hood,True,False,False
AI-10855,Arianne Irving,True,False,False
AI-855,Arianne Irving,True,False,False
AJ-10945,Ashley Jarboe,True,False,False
AJ-10960,Astrea Jones,True,False,False
AJ-945,Ashley Jarboe,True,False,False
AJ-960,Astrea Jones,True,False,False
AM-10705,Anne McFarland,True,False,False
AM-705,Anne McFarland,True,False,False
AP-10915,Arthur Prichep,True,False,False
AP-915,Arthur Prichep,True,False,False
AR-10510,Andrew Roberts,True,False,False
AR-10540,Andy Reiter,True,False,False
AR-10570,Anemone Ratner,True,False,False
AR-510,Andrew Roberts,True,False,False
AR-540,Andy Reiter,True,False,False
AR-570,Anemone Ratner,True,False,False
AS-10090,Adam Shillingsburg,True,False,False
AS-10240,Alan Shonely,True,False,False
AS-240,Alan Shonely,True,False,False
AS-90,Adam Shillingsburg,True,False,False
AT-10735,Annie Thurman,True,False,False
AT-735,Annie Thurman,True,False,False
AW-10840,Anthony Witt,True,False,False
AW-840,Anthony Witt,True,False,False
AZ-10750,Annie Zypern,True,False,False
AZ-750,Annie Zypern,True,False,False
BD-11320,Bill Donatelli,True,False,False
BD-11500,Bradley Drucker,True,False,False
BD-11605,Brian Dahlen,True,False,False
BD-11620,Brian DeCherney,True,False,False
BD-11635,Brian Derr,True,False,False
BD-11725,Bruce Degenhardt,True,False,False
BD-11770,Bryan Davis,True,False,False
BD-1320,Bill Donatelli,True,False,False
BD-1500,Bradley Drucker,True,False,False
BD-1605,Brian Dahlen,True,False,False
BD-1620,Brian DeCherney,True,False,False
BD-1635,Brian Derr,True,False,False
BD-1725,Bruce Degenhardt,True,False,False
BD-1770,Bryan Davis,True,False,False
BE-11410,Bobby Elias,True,False,False
BE-1410,Bobby Elias,True,False,False
BF-1080,Bart Folk,True,False,False
BF-11080,Bart Folk,True,False,False
BG-1035,Barry Gonzalez,True,False,False
BG-11035,Barry Gonzalez,True,False,False
BG-11740,Bruce Geld,True,False,False
BG-1740,Bruce Geld,True,False,False
BH-11710,Brosina Hoffman,True,False,False
BH-1710,Brosina Hoffman,True,False,False
BK-11260,Berenike Kampe,True,False,False
BK-1260,Berenike Kampe,True,False,False
BM-11140,Becky Martin,True,False,False
BM-1140,Becky Martin,True,False,False
BM-11785,Bryan Mills,True,False,False
BM-1785,Bryan Mills,True,False,False
BN-11515,Bradley Nguyen,True,False,False
BN-1515,Bradley Nguyen,True,False,False
BO-11425,Bobby Odegard,True,False,False
BO-1425,Bobby Odegard,True,False,False
BP-11155,Becky Pak,True,False,False
BP-11230,Benjamin Patterson,True,False,False
BP-11290,Beth Paige,True,False,False
BP-1155,Becky Pak,True,False,False
BP-1230,Benjamin Patterson,True,False,False
BP-1290,Beth Paige,True,False,False
BS-11665,Brian Stugart,True,False,False
BS-11755,Bruce Stewart,True,False,False
BS-1665,Brian Stugart,True,False,False
BS-1755,Bruce Stewart,True,False,False
BT-11440,Bobby Trafton,True,False,False
BT-11680,Brian Thompson,True,False,False
BT-1440,Bobby Trafton,True,False,False
BT-1680,Brian Thompson,True,False,False
BW-1065,Barry Weirich,True,False,False
BW-11065,Barry Weirich,True,False,False
BW-11200,Ben Wallace,True,False,False
BW-1200,Ben Wallace,True,False,False
CA-12265,Christina Anderson,True,False,False
CA-12775,Cynthia Arntzen,True,False,False
CA-2265,Christina Anderson,True,False,False
CA-2775,Cynthia Arntzen,True,False,False
CB-12025,Cassandra Brandow,True,False,False
CB-12415,Christy Brittain,True,False,False
CB-2025,Cassandra Brandow,True,False,False
CB-2415,Christy Brittain,True,False,False
CC-12145,Charles Crestani,True,False,False
CC-12220,Chris Cortes,True,False,False
CC-12370,Christopher Conant,True,False,False
CC-12475,Cindy Chapman,True,False,False
CC-12550,Clay Cheatham,True,False,False
CC-12670,Craig Carreira,True,False,False
CC-12685,Craig Carroll,True,False,False
CC-2145,Charles Crestani,True,False,False
CC-2220,Chris Cortes,True,False,False
CC-2370,Christopher Conant,True,False,False
CC-2475,Cindy Chapman,True,False,False
CC-2550,Clay Cheatham,True,False,False
CC-2670,Craig Carreira,True,False,False
CC-2685,Craig Carroll,True,False,False
CD-11920,Carlos Daly,True,False,False
CD-11980,Carol Darley,True,False,False
CD-12280,Christina DeMoss,True,False,False
CD-1920,Carlos Daly,True,False,False
CD-1980,Carol Darley,True,False,False
CD-2280,Christina DeMoss,True,False,False
CG-12520,Claire Gute,True,False,False
CG-2520,Claire Gute,True,False,False
CJ-12010,Caroline Jumper,True,False,False
CJ-2010,Caroline Jumper,True,False,False
CK-12205,Chloris Kastensmidt,True,False,False
CK-12595,Clytie Kelty,True,False,False
CK-2205,Chloris Kastensmidt,True,False,False
CK-2595,Clytie Kelty,True,False,False
CL-11890,Carl Ludwig,True,False,False
CL-12565,Clay Ludtke,True,False,False
CL-1890,Carl Ludwig,True,False,False
CL-2565,Clay Ludtke,True,False,False
CM-11935,Carlos Meador,True,False,False
CM-12115,Chad McGuire,True,False,False
CM-12160,Charles McCrossin,True,False,False
CM-12190,Charlotte Melton,True,False,False
CM-12235,Chris McAfee,True,False,False
CM-12385,Christopher Martinez,True,False,False
CM-12445,Chuck Magee,True,False,False
CM-1935,Carlos Meador,True,False,False
CM-2115,Chad McGuire,True,False,False
CM-2160,Charles McCrossin,True,False,False
CM-2190,Charlotte Melton,True,False,False
CM-2235,Chris McAfee,True,False,False
CM-2385,Christopher Martinez,True,False,False
CM-2445,Chuck Magee,True,False,False
Co-12640,Corey-Lock,True,False,False
Co-2640,Corey-Lock,True,False,False
CR-12730,Craig Reiter,True,False,False
CR-2730,Craig Reiter,True,False,False
CS-11860,Cari Schnelling,True,False,False
CS-11950,Carlos Soltero,True,False,False
CS-12130,Chad Sievert,True,False,False
CS-12355,Christine Sundaresam,True,False,False
CS-12460,Chuck Sachs,True,False,False
CS-12505,Cindy Stewart,True,False,False
CS-1860,Cari Schnelling,True,False,False
CS-1950,Carlos Soltero,True,False,False
CS-2130,Chad Sievert,True,False,False
CS-2355,Christine Sundaresam,True,False,False
CS-2460,Chuck Sachs,True,False,False
CS-2505,Cindy Stewart,True,False,False
CT-11995,Carol Triggs,True,False,False
CT-1995,Carol Triggs,True,False,False
CV-12295,Christina VanderZanden,True,False,False
CV-2295,Christina VanderZanden,True,False,False
DB-13060,Dave Brooks,True,False,False
DB-13210,Dean Braden,True,False,False
DB-13405,Denny Blanton,True,False,False
DB-13615,Doug Bickford,True,False,False
DB-13660,Duane Benoit,True,False,False
DB-3060,Dave Brooks,True,False,False
DB-3210,Dean Braden,True,False,False
DB-3405,Denny Blanton,True,False,False
DB-3615,Doug Bickford,True,False,False
DB-3660,Duane Benoit,True,False,False
DC-12850,Dan Campbell,True,False,False
DC-13285,Debra Catini,True,False,False
DC-2850,Dan Campbell,True,False,False
DC-3285,Debra Catini,True,False,False
DD-13570,Dorothy Dickinson,True,False,False
DD-3570,Dorothy Dickinson,True,False,False
DF-13135,David Flashing,True,False,False
DF-3135,David Flashing,True,False,False
DJ-13630,Doug Jacobs,True,False,False
DJ-3630,Doug Jacobs,True,False,False
DK-12895,Dana Kaydos,True,False,False
DK-12985,Darren Koutras,True,False,False
DK-13090,Dave Kipp,True,False,False
DK-13375,Dennis Kane,True,False,False
DK-2895,Dana Kaydos,True,False,False
DK-2985,Darren Koutras,True,False,False
DK-3090,Dave Kipp,True,False,False
DK-3375,Dennis Kane,True,False,False
DL-12865,Dan Lawera,True,False,False
DL-12925,Daniel Lacy,True,False,False
DL-13315,Delfina Latchford,True,False,False
DL-13330,Denise Leinenbach,True,False,False
DL-2865,Dan Lawera,True,False,False
DL-2925,Daniel Lacy,True,False,False
DL-3315,Delfina Latchford,True,False,False
DL-3330,Denise Leinenbach,True,False,False
DM-13015,Darrin Martin,True,False,False
DM-3015,Darrin Martin,True,False,False
DN-13690,Duane Noonan,True,False,False
DN-3690,Duane Noonan,True,False,False
DO-13435,Denny Ordway,True,False,False
DO-13645,Doug O'Connell,True,False,False
DO-3435,Denny Ordway,True,False,False
DO-3645,Doug O'Connell,True,False,False
DP-13000,Darren Powers,True,False,False
DP-13165,David Philippe,True,False,False
DP-3000,Darren Powers,True,False,False
DP-3165,David Philippe,True,False,False
DV-13465,Dianna Vittorini,True,False,False
DV-3465,Dianna Vittorini,True,False,False
DW-13540,Don Weiss,True,False,False
DW-3540,Don Weiss,True,False,False
EB-13870,Emily Burns,True,False,False
EB-13930,Eric Barreto,True,False,False
EB-14110,Eugene Barchas,True,False,False
EB-14170,Evan Bailliet,True,False,False
EB-3870,Emily Burns,True,False,False
EB-3930,Eric Barreto,True,False,False
EB-4110,Eugene Barchas,True,False,False
EB-4170,Evan Bailliet,True,False,False
EC-14050,Erin Creighton,True,False,False
EC-4050,Erin Creighton,True,False,False
EG-13900,Emily Grady,True,False,False
EG-3900,Emily Grady,True,False,False
EH-13945,Eric Hoffmann,True,False,False
EH-13990,Erica Hackney,True,False,False
EH-14185,Evan Henry,True,False,False
EH-3945,Eric Hoffmann,True,False,False
EH-3990,Erica Hackney,True,False,False
EH-4185,Evan Henry,True,False,False
EJ-13720,Ed Jacobs,True,False,False
EJ-14155,Eva Jacobs,True,False,False
EJ-3720,Ed Jacobs,True,False,False
EJ-4155,Eva Jacobs,True,False,False
EM-13960,Eric Murdock,True,False,False
EM-14065,Erin Mull,True,False,False
EM-3960,Eric Murdock,True,False,False
EM-4065,Erin Mull,True,False,False
EN-13780,Edward Nazzal,True,False,False
EN-3780,Edward Nazzal,True,False,False
EP-13915,Emily Phan,True,False,False
EP-3915,Emily Phan,True,False,False
ES-14020,Erica Smith,True,False,False
ES-4020,Erica Smith,True,False,False
FH-14350,Fred Harton,True,False,False
FH-4350,Fred Harton,True,False,False
FM-14380,Fred McMath,True,False,False
FM-4380,Fred McMath,True,False,False
FO-14305,Frank Olsen,True,False,False
FO-4305,Frank Olsen,True,False,False
FP-14320,Frank Preis,True,False,False
FP-4320,Frank Preis,True,False,False
GA-14515,George Ashbrook,True,False,False
GA-14725,Guy Armstrong,True,False,False
GA-4515,George Ashbrook,True,False,False
GA-4725,Guy Armstrong,True,False,False
GB-14575,Giulietta Baptist,True,False,False
GB-4575,Giulietta Baptist,True,False,False
GH-14425,Gary Hwang,True,False,False
GH-14665,Greg Hansen,True,False,False
GH-4425,Gary Hwang,True,False,False
GH-4665,Greg Hansen,True,False,False
GM-14440,Gary McGarr,True,False,False
GM-14500,Gene McClure,True,False,False
GM-14680,Greg Matthias,True,False,False
GM-4440,Gary McGarr,True,False,False
GM-4500,Gene McClure,True,False,False
GM-4680,Greg Matthias,True,False,False
GT-14710,Greg Tran,True,False,False
GT-14755,Guy Thornton,True,False,False
GT-4710,Greg Tran,True,False,False
GT-4755,Guy Thornton,True,False,False
GW-14605,Giulietta Weimer,True,False,False
GW-4605,Giulietta Weimer,True,False,False
GZ-14470,Gary Zandusky,True,False,False
GZ-4470,Gary Zandusky,True,False,False
HA-14905,Helen Abelman,True,False,False
HA-14920,Helen Andreada,True,False,False
HA-4905,Helen Abelman,True,False,False
HA-4920,Helen Andreada,True,False,False
HF-14995,Herbert Flentye,True,False,False
HF-4995,Herbert Flentye,True,False,False
HG-14845,Harry Greene,True,False,False
HG-15025,Hunter Glantz,True,False,False
HG-4845,Harry Greene,True,False,False
HG-5025,Hunter Glantz,True,False,False
HL-15040,Hunter Lopez,True,False,False
HL-5040,Hunter Lopez,True,False,False
HM-14980,Henry MacAllister,True,False,False
HM-4980,Henry MacAllister,True,False,False
HZ-14950,Henia Zydlo,True,False,False
HZ-4950,Henia Zydlo,True,False,False
IG-15085,Ivan Gibson,True,False,False
IG-5085,Ivan Gibson,True,False,False
IL-15100,Ivan Liston,True,False,False
IL-5100,Ivan Liston,True,False,False
IM-15055,Ionia McGrath,True,False,False
IM-15070,Irene Maddox,True,False,False
IM-5055,Ionia McGrath,True,False,False
IM-5070,Irene Maddox,True,False,False
JA-15970,Joseph Airdo,True,False,False
JA-5970,Joseph Airdo,True,False,False
JB-15925,Joni Blumstein,True,False,False
JB-16000,Joy Bell-,True,False,False
JB-5925,Joni Blumstein,True,False,False
JB-6000,Joy Bell-,True,False,False
JC-15340,Jasper Cacioppo,True,False,False
JC-15385,Jenna Caffey,True,False,False
JC-15775,John Castell,True,False,False
JC-5340,Jasper Cacioppo,True,False,False
JC-5385,Jenna Caffey,True,False,False
JC-5775,John Castell,True,False,False
JD-15790,John Dryer,True,False,False
JD-16015,Joy Daniels,True,False,False
JD-16060,Julia Dunbar,True,False,False
JD-5790,John Dryer,True,False,False
JD-6015,Joy Daniels,True,False,False
JD-6060,Julia Dunbar,True,False,False
JE-15475,Jeremy Ellison,True,False,False
JE-15715,Joe Elijah,True,False,False
JE-15745,Joel Eaton,True,False,False
JE-5475,Jeremy Ellison,True,False,False
JE-5715,Joe Elijah,True,False,False
JE-5745,Joel Eaton,True,False,False
JF-15190,Jamie Frazer,True,False,False
JF-15295,Jason Fortune-,True,False,False
JF-15355,Jay Fein,True,False,False
JF-15415,Jennifer Ferguson,True,False,False
JF-15490,Jeremy Farry,True,False,False
JF-15565,Jill Fjeld,True,False,False
JF-5190,Jamie Frazer,True,False,False
JF-5295,Jason Fortune-,True,False,False
JF-5355,Jay Fein,True,False,False
JF-5415,Jennifer Ferguson,True,False,False
JF-5490,Jeremy Farry,True,False,False
JF-5565,Jill Fjeld,True,False,False
JG-15115,Jack Garza,True,False,False
JG-15160,James Galang,True,False,False
JG-5115,Jack Garza,True,False,False
JG-5160,James Galang,True,False,False
JH-15430,Jennifer Halladay,True,False,False
JH-15820,John Huston,True,False,False
JH-15910,Jonathan Howell,True,False,False
JH-15985,Joseph Holt,True,False,False
JH-16180,Justin Hirsh,True,False,False
JH-5430,Jennifer Halladay,True,False,False
JH-5820,John Huston,True,False,False
JH-5910,Jonathan Howell,True,False,False
JH-5985,Joseph Holt,True,False,False
JH-6180,Justin Hirsh,True,False,False
JJ-15445,Jennifer Jackson,True,False,False
JJ-5445,Jennifer Jackson,True,False,False
JK-15205,Jamie Kunitz,True,False,False
JK-15370,Jay Kimmel,True,False,False
JK-15625,Jim Karlsson,True,False,False
JK-15730,Joe Kamberova,True,False,False
JK-16090,Juliana Krohn,True,False,False
JK-5205,Jamie Kunitz,True,False,False
JK-5370,Jay Kimmel,True,False,False
JK-5625,Jim Karlsson,True,False,False
JK-5730,Joe Kamberova,True,False,False
JK-6090,Juliana Krohn,True,False,False
JL-15130,Jack Lebron,True,False,False
JL-15235,Janet Lee,True,False,False
JL-15505,Jeremy Lonsdale,True,False,False
JL-15835,John Lee,True,False,False
JL-15850,John Lucas,True,False,False
JL-5130,Jack Lebron,True,False,False
JL-5235,Janet Lee,True,False,False
JL-5505,Jeremy Lonsdale,True,False,False
JL-5835,John Lee,True,False,False
JL-5850,John Lucas,True,False,False
JM-15250,Janet Martin,True,False,False
JM-15535,Jessica Myrick,True,False,False
JM-15580,Jill Matthias,True,False,False
JM-15865,John Murray,True,False,False
JM-16195,Justin MacKendrick,True,False,False
JM-5250,Janet Martin,True,False,False
JM-5535,Jessica Myrick,True,False,False
JM-5580,Jill Matthias,True,False,False
JM-5865,John Murray,True,False,False
JM-6195,Justin MacKendrick,True,False,False
JO-15280,Jas O'Carroll,True,False,False
JO-5280,Jas O'Carroll,True,False,False
JP-15520,Jeremy Pistek,True,False,False
JP-5520,Jeremy Pistek,True,False,False
JR-15670,Jim Radford,True,False,False
JR-15700,Jocasta Rupert,True,False,False
JR-5670,Jim Radford,True,False,False
JR-5700,Jocasta Rupert,True,False,False
JS-15880,John Stevenson,True,False,False
JS-16030,Joy Smith,True,False,False
JS-5880,John Stevenson,True,False,False
JS-6030,Joy Smith,True,False,False
JW-15955,Joni Wasserman,True,False,False
JW-16075,Julia West,True,False,False
JW-5955,Joni Wasserman,True,False,False
JW-6075,Julia West,True,False,False
KA-16525,Kelly Andreada,True,False,False
KA-6525,Kelly Andreada,True,False,False
KB-16315,Karl Braun,True,False,False
KB-6315,Karl Braun,True,False,False
KC-16540,Kelly Collister,True,False,False
KC-6540,Kelly Collister,True,False,False
KD-16270,Karen Daniels,True,False,False
KD-16345,Katherine Ducich,True,False,False
KD-6345,Katherine Ducich,True,False,False
KH-16360,Katherine Hughes,True,False,False
KH-16510,Keith Herrera,True,False,False
KH-6360,Katherine Hughes,True,False,False
KH-6510,Keith Herrera,True,False,False
KL-16645,Ken Lonsdale,True,False,False
KL-6645,Ken Lonsdale,True,False,False
KM-16660,Khloe Miller,True,False,False
KM-16720,Kunst Miller,True,False,False
KM-6660,Khloe Miller,True,False,False
KM-6720,Kunst Miller,True,False,False
KT-16465,Kean Takahito,True,False,False
KT-16480,Kean Thornton,True,False,False
KT-6465,Kean Takahito,True,False,False
KT-6480,Kean Thornton,True,False,False
KW-16435,Katrina Willman,True,False,False
KW-16570,Kelly Williams,True,False,False
KW-6435,Katrina Willman,True,False,False
KW-6570,Kelly Williams,True,False,False
LB-16735,Larry Blacks,True,False,False
LB-6735,Larry Blacks,True,False,False
LC-16870,Lena Cacioppo,True,False,False
LC-16885,Lena Creighton,True,False,False
LC-17050,Liz Carlisle,True,False,False
LC-17140,Logan Currie,True,False,False
LC-6870,Lena Cacioppo,True,False,False
LC-6885,Lena Creighton,True,False,False
LC-7050,Liz Carlisle,True,False,False
LC-7140,Logan Currie,True,False,False
LD-17005,Lisa DeCherney,True,False,False
LD-7005,Lisa DeCherney,True,False,False
LE-16810,Laurel Elliston,True,False,False
LE-6810,Laurel Elliston,True,False,False
LF-17185,Luke Foster,True,False,False
LF-7185,Luke Foster,True,False,False
LH-16750,Larry Hughes,True,False,False
LH-16900,Lena Hernandez,True,False,False
LH-17020,Lisa Hazard,True,False,False
LH-17155,Logan Haushalter,True,False,False
LH-6750,Larry Hughes,True,False,False
LH-6900,Lena Hernandez,True,False,False
LH-7020,Lisa Hazard,True,False,False
LH-7155,Logan Haushalter,True,False,False
LL-16840,Lauren Leatherbury,True,False,False
LL-6840,Lauren Leatherbury,True,False,False
LM-17065,Liz MacKendrick,True,False,False
LM-7065,Liz MacKendrick,True,False,False
LP-17080,Liz Pelletier,True,False,False
LP-17095,Liz Preis,True,False,False
LP-7080,Liz Pelletier,True,False,False
LP-7095,Liz Preis,True,False,False
LR-16915,Lena Radford,True,False,False
LR-6915,Lena Radford,True,False,False
LS-17230,Lycoris Saunders,True,False,False
LS-17245,Lynn Smith,True,False,False
LS-7230,Lycoris Saunders,True,False,False
LS-7245,Lynn Smith,True,False,False
LT-16765,Larry Tron,True,False,False
LT-17110,Liz Thompson,True,False,False
LT-6765,Larry Tron,True,False,False
LT-7110,Liz Thompson,True,False,False
LW-17125,Liz Willingham,True,False,False
LW-17215,Luke Weiss,True,False,False
LW-7125,Liz Willingham,True,False,False
LW-7215,Luke Weiss,True,False,False
MB-17305,Maria Bertelson,True,False,False
MB-18085,Mick Brown,True,False,False
MB-7305,Maria Bertelson,True,False,False
MB-8085,Mick Brown,True,False,False
MC-17275,Marc Crier,True,False,False
MC-17575,Matt Collins,True,False,False
MC-17845,Michael Chen,True,False,False
MC-18100,Mick Crebagga,True,False,False
MC-7275,Marc Crier,True,False,False
MC-7575,Matt Collins,True,False,False
MC-7845,Michael Chen,True,False,False
MC-8100,Mick Crebagga,True,False,False
MD-17350,Maribeth Dona,True,False,False
MD-7350,Maribeth Dona,True,False,False
ME-17725,Max Engle,True,False,False
ME-7725,Max Engle,True,False,False
MG-17695,Maureen Gnade,True,False,False
MG-18145,Mike Gockenbach,True,False,False
MG-7695,Maureen Gnade,True,False,False
MG-8145,Mike Gockenbach,True,False,False
MH-17455,Mark Hamilton,True,False,False
MH-18025,Michelle Huthwaite,True,False,False
MH-7455,Mark Hamilton,True,False,False
MH-8025,Michelle Huthwaite,True,False,False
MJ-17740,Max Jones,True,False,False
MJ-7740,Max Jones,True,False,False
MK-18160,Mike Kennedy,True,False,False
MK-8160,Mike Kennedy,True,False,False
ML-17410,Maris LaWare,True,False,False
ML-18265,Muhammed Lee,True,False,False
ML-7410,Maris LaWare,True,False,False
ML-8265,Muhammed Lee,True,False,False
MM-17260,Magdelene Morse,True,False,False
MM-17920,Michael Moore,True,False,False
MM-18055,Michelle Moray,True,False,False
MM-7260,Magdelene Morse,True,False,False
MM-7920,Michael Moore,True,False,False
MM-8055,Michelle Moray,True,False,False
MN-17935,Michael Nguyen,True,False,False
MN-7935,Michael Nguyen,True,False,False
MO-17500,Mary O'Rourke,True,False,False
MO-17950,Michael Oakman,True,False,False
MO-7500,Mary O'Rourke,True,False,False
MO-7950,Michael Oakman,True,False,False
MS-17365,Maribeth Schnelling,True,False,False
MS-17530,MaryBeth Skach,True,False,False
MS-17710,Maurice Satty,True,False,False
MS-17770,Maxwell Schwartz,True,False,False
MS-17830,Melanie Seite,True,False,False
MS-7365,Maribeth Schnelling,True,False,False
MS-7530,MaryBeth Skach,True,False,False
MS-7710,Maurice Satty,True,False,False
MS-7770,Maxwell Schwartz,True,False,False
MS-7830,Melanie Seite,True,False,False
MT-17815,Meg Tillman,True,False,False
MT-7815,Meg Tillman,True,False,False
MV-17485,Mark Van Huff,True,False,False
MV-18190,Mike Vittorini,True,False,False
MV-7485,Mark Van Huff,True,False,False
MV-8190,Mike Vittorini,True,False,False
MW-18220,Mitch Webber,True,False,False
MW-8220,Mitch Webber,True,False,False
NC-18340,Nat Carroll,True,False,False
NC-18415,Nathan Cano,True,False,False
NC-8340,Nat Carroll,True,False,False
NC-8415,Nathan Cano,True,False,False
ND-18370,Natalie DeCherney,True,False,False
ND-8370,Natalie DeCherney,True,False,False
NF-18385,Natalie Fritzler,True,False,False
NF-8385,Natalie Fritzler,True,False,False
NG-18430,Nathan Gelder,True,False,False
NG-8430,Nathan Gelder,True,False,False
NM-18520,Neoma Murray,True,False,False
NM-8520,Neoma Murray,True,False,False
NP-18325,Naresj Patel,True,False,False
NP-18670,Nora Paige,True,False,False
NP-18700,Nora Preis,True,False,False
NP-8325,Naresj Patel,True,False,False
NP-8670,Nora Paige,True,False,False
NP-8700,Nora Preis,True,False,False
NR-18550,Nick Radford,True,False,False
NR-8550,Nick Radford,True,False,False
NS-18505,Neola Schneider,True,False,False
NS-8505,Neola Schneider,True,False,False
NW-18400,Natalie Webber,True,False,False
NW-8400,Natalie Webber,True,False,False
OT-18730,Olvera Toch,True,False,False
OT-8730,Olvera Toch,True,False,False
PB-19105,Peter B├╝hler,True,False,False
PB-19150,Philip Brown,True,False,False
PB-9105,Peter B├╝hler,True,False,False
PB-9150,Philip Brown,True,False,False
PF-19120,Peter Fuller,True,False,False
PF-19165,Philip Fox,True,False,False
PF-19225,Phillip Flathmann,True,False,False
PF-9120,Peter Fuller,True,False,False
PF-9165,Philip Fox,True,False,False
PF-9225,Phillip Flathmann,True,False,False
PG-18820,Patrick Gardner,True,False,False
PG-18895,Paul Gonzalez,True,False,False
PG-8820,Patrick Gardner,True,False,False
PG-8895,Paul Gonzalez,True,False,False
PJ-19015,Pauline Johnson,True,False,False
PJ-9015,Pauline Johnson,True,False,False
PK-19075,Pete Kriz,True,False,False
PK-9075,Pete Kriz,True,False,False
PM-18940,Paul MacIntyre,True,False,False
PM-8940,Paul MacIntyre,True,False,False
PO-18850,Patrick O'Brill,True,False,False
PO-18865,Patrick O'Donnell,True,False,False
PO-8850,Patrick O'Brill,True,False,False
PO-8865,Patrick O'Donnell,True,False,False
PR-18880,Patrick Ryan,True,False,False
PR-8880,Patrick Ryan,True,False,False
PS-18760,Pamela Stobb,True,False,False
PS-8760,Pamela Stobb,True,False,False
PT-19090,Pete Takahito,True,False,False
PT-9090,Pete Takahito,True,False,False
PW-19240,Pierre Wener,True,False,False
PW-9240,Pierre Wener,True,False,False
RA-19285,Ralph Arnett,True,False,False
RA-19915,Russell Applegate,True,False,False
RA-19945,Ryan Akin,True,False,False
RA-9285,Ralph Arnett,True,False,False
RA-9915,Russell Applegate,True,False,False
RA-9945,Ryan Akin,True,False,False
RB-19330,Randy Bradley,True,False,False
RB-19360,Raymond Buch,True,False,False
RB-19435,Richard Bierner,True,False,False
RB-19570,Rob Beeghly,True,False,False
RB-9330,Randy Bradley,True,False,False
RB-9360,Raymond Buch,True,False,False
RB-9435,Richard Bierner,True,False,False
RB-9570,Rob Beeghly,True,False,False
RC-19825,Roy Collins,True,False,False
RC-19960,Ryan Crowe,True,False,False
RC-9825,Roy Collins,True,False,False
RC-9960,Ryan Crowe,True,False,False
RD-19480,Rick Duston,True,False,False
RD-19585,Rob Dowd,True,False,False
RD-19720,Roger Demir,True,False,False
RD-19900,Ruben Dartt,True,False,False
RD-19930,Russell D'Ascenzo,True,False,False
RD-9480,Rick Duston,True,False,False
RD-9585,Rob Dowd,True,False,False
RD-9720,Roger Demir,True,False,False
RD-9900,Ruben Dartt,True,False,False
RD-9930,Russell D'Ascenzo,True,False,False
RE-19405,Ricardo Emerson,True,False,False
RE-19450,Richard Eichhorn,True,False,False
RE-9405,Ricardo Emerson,True,False,False
RE-9450,Richard Eichhorn,True,False,False
RF-19735,Roland Fjeld,True,False,False
RF-19840,Roy Franz├Âsisch,True,False,False
RF-9735,Roland Fjeld,True,False,False
RF-9840,Roy Franz├Âsisch,True,False,False
RH-19495,Rick Hansen,True,False,False
RH-19555,Ritsa Hightower,True,False,False
RH-19600,Rob Haberlin,True,False,False
RH-9495,Rick Hansen,True,False,False
RH-9555,Ritsa Hightower,True,False,False
RH-9600,Rob Haberlin,True,False,False
RK-19300,Ralph Kennedy,True,False,False
RK-9300,Ralph Kennedy,True,False,False
RL-19615,Rob Lucas,True,False,False
RL-9615,Rob Lucas,True,False,False
RM-19375,Raymond Messe,True,False,False
RM-19750,Roland Murray,True,False,False
RM-9375,Raymond Messe,True,False,False
RM-9750,Roland Murray,True,False,False
RO-19780,Rose O'Brian,True,False,False
RO-9780,Rose O'Brian,True,False,False
RP-19390,Resi P├Âlking,True,False,False
RP-9390,Resi P├Âlking,True,False,False
RR-19315,Ralph Ritter,True,False,False
RR-9315,Ralph Ritter,True,False,False
RW-19690,Robert Waldorf,True,False,False
RW-9690,Robert Waldorf,True,False,False
SA-10830,Sue Ann Reed,True,False,False
SA-20830,Sue Ann Reed,True,False,False
SB-10170,Sarah Bern,True,False,False
SB-10185,Sarah Brown,True,False,False
SB-20170,Sarah Bern,True,False,False
SB-20185,Sarah Brown,True,False,False
SC-10020,Sam Craven,True,False,False
SC-10095,Sanjit Chand,True,False,False
SC-10305,Sean Christensen,True,False,False
SC-10380,Shahid Collister,True,False,False
SC-10575,Sonia Cooley,True,False,False
SC-10725,Steven Cartwright,True,False,False
SC-10800,Stuart Calhoun,True,False,False
SC-10845,Sung Chung,True,False,False
SC-20020,Sam Craven,True,False,False
SC-20095,Sanjit Chand,True,False,False
SC-20305,Sean Christensen,True,False,False
SC-20380,Shahid Collister,True,False,False
SC-20575,Sonia Cooley,True,False,False
SC-20725,Steven Cartwright,True,False,False
SC-20800,Stuart Calhoun,True,False,False
SC-20845,Sung Chung,True,False,False
SE-10110,Sanjit Engle,True,False,False
SE-20110,Sanjit Engle,True,False,False
SF-10065,Sandra Flanagan,True,False,False
SF-10200,Sarah Foster,True,False,False
SF-20065,Sandra Flanagan,True,False,False
SF-20200,Sarah Foster,True,False,False
SG-10080,Sandra Glassco,True,False,False
SG-10470,Sheri Gordon,True,False,False
SG-10605,Speros Goranitis,True,False,False
SG-20080,Sandra Glassco,True,False,False
SG-20470,Sheri Gordon,True,False,False
SG-20605,Speros Goranitis,True,False,False
SH-10395,Shahid Hopkins,True,False,False
SH-20395,Shahid Hopkins,True,False,False
SJ-10215,Sarah Jordon,True,False,False
SJ-10500,Shirley Jackson,True,False,False
SJ-20215,Sarah Jordon,True,False,False
SJ-20500,Shirley Jackson,True,False,False
SK-19990,Sally Knutson,True,False,False
SK-9990,Sally Knutson,True,False,False
SM-10005,Sally Matthias,True,False,False
SM-10905,Susan MacKendrick,True,False,False
SM-20005,Sally Matthias,True,False,False
SM-20905,Susan MacKendrick,True,False,False
SO-10335,Sean O'Donnell,True,False,False
SO-20335,Sean O'Donnell,True,False,False
SP-10920,Susan Pistek,True,False,False
SP-20920,Susan Pistek,True,False,False
SS-10410,Shahid Shariari,True,False,False
SS-10590,Sonia Sunley,True,False,False
SS-10875,Sung Shariari,True,False,False
SS-20410,Shahid Shariari,True,False,False
SS-20590,Sonia Sunley,True,False,False
SS-20875,Sung Shariari,True,False,False
ST-10530,Shui Tom,True,False,False
ST-20530,Shui Tom,True,False,False
SV-10365,Seth Vernon,True,False,False
SV-10785,Stewart Visinsky,True,False,False
SV-10935,Susan Vittorini,True,False,False
SV-20365,Seth Vernon,True,False,False
SV-20785,Stewart Visinsky,True,False,False
SV-20935,Susan Vittorini,True,False,False
SW-10245,Scot Wooten,True,False,False
SW-10275,Scott Williamson,True,False,False
SW-10455,Shaun Weien,True,False,False
SW-20245,Scot Wooten,True,False,False
SW-20275,Scott Williamson,True,False,False
SW-20455,Shaun Weien,True,False,False
TB-11055,Ted Butterfield,True,False,False
TB-11250,Tim Brockman,True,False,False
TB-11280,Toby Braunhardt,True,False,False
TB-11400,Tom Boeckenhauer,True,False,False
TB-11520,Tracy Blumstein,True,False,False
TB-11595,Troy Blackwell,True,False,False
TB-11625,Trudy Brown,True,False,False
TB-21055,Ted Butterfield,True,False,False
TB-21250,Tim Brockman,True,False,False
TB-21280,Toby Braunhardt,True,False,False
TB-21400,Tom Boeckenhauer,True,False,False
TB-21520,Tracy Blumstein,True,False,False
TB-21595,Troy Blackwell,True,False,False
TB-21625,Trudy Brown,True,False,False
TC-11295,Toby Carlisle,True,False,False
TC-21295,Toby Carlisle,True,False,False
TD-10995,Tamara Dahlen,True,False,False
TD-20995,Tamara Dahlen,True,False,False
TG-11310,Toby Gnade,True,False,False
TG-11640,Trudy Glocke,True,False,False
TG-21310,Toby Gnade,True,False,False
TG-21640,Trudy Glocke,True,False,False
TH-11100,Thea Hendricks,True,False,False
TH-21100,Thea Hendricks,True,False,False
TM-11010,Tamara Manning,True,False,False
TM-11490,Tony Molinari,True,False,False
TM-21010,Tamara Manning,True,False,False
TM-21490,Tony Molinari,True,False,False
TP-11130,Theone Pippenger,True,False,False
TP-11415,Tom Prescott,True,False,False
TP-21130,Theone Pippenger,True,False,False
TP-21415,Tom Prescott,True,False,False
TR-11325,Toby Ritter,True,False,False
TR-21325,Toby Ritter,True,False,False
TS-11085,Thais Sissman,True,False,False
TS-11340,Toby Swindell,True,False,False
TS-11505,Tony Sayre,True,False,False
TS-11610,Troy Staebel,True,False,False
TS-11655,Trudy Schmidt,True,False,False
TS-21085,Thais Sissman,True,False,False
TS-21340,Toby Swindell,True,False,False
TS-21505,Tony Sayre,True,False,False
TS-21610,Troy Staebel,True,False,False
TS-21655,Trudy Schmidt,True,False,False
TT-11070,Ted Trevino,True,False,False
TT-11220,Thomas Thornton,True,False,False
TT-21070,Ted Trevino,True,False,False
TT-21220,Thomas Thornton,True,False,False
TZ-11580,Tracy Zic,True,False,False
TZ-21580,Tracy Zic,True,False,False
VD-11670,Valerie Dominguez,True,False,False
VD-21670,Valerie Dominguez,True,False,False
VG-11790,Vivek Gonzalez,True,False,False
VG-21790,Vivek Gonzalez,True,False,False
VM-11835,Vivian Mathis,True,False,False
VM-21835,Vivian Mathis,True,False,False
VS-11820,Vivek Sundaresam,True,False,False
VS-21820,Vivek Sundaresam,True,False,False
WB-11850,William Brown,True,False,False
WB-21850,William Brown,True,False,False
XP-11865,Xylona Preis,True,False,False
XP-21865,Xylona Preis,True,False,False
ZC-11910,Zuschuss Carroll,True,False,False
ZC-21910,Zuschuss Carroll,True,False,False
ZD-11925,Zuschuss Donatelli,True,False,False
ZD-21925,Zuschuss Donatelli,True,False,False
AB-10600,Ann Blume,False,True,False
AB-600,Ann Blume,False,True,False
AC-10420,Alyssa Crouse,False,True,False
AC-10615,Ann Chong,False,True,False
AC-420,Alyssa Crouse,False,True,False
AC-615,Ann Chong,False,True,False
AG-10300,Aleksandra Gannaway,False,True,False
AG-10495,Andrew Gjertsen,False,True,False
AG-10525,Andy Gerbode,False,True,False
AG-300,Aleksandra Gannaway,False,True,False
AG-495,Andrew Gjertsen,False,True,False
AG-525,Andy Gerbode,False,True,False
AH-10030,Aaron Hawkins,False,True,False
AH-10075,Adam Hart,False,True,False
AH-10195,Alan Haines,False,True,False
AH-10690,Anna H├ñberlin,False,True,False
AH-195,Alan Haines,False,True,False
AH-30,Aaron Hawkins,False,True,False
AH-690,Anna H├ñberlin,False,True,False
AH-75,Adam Hart,False,True,False
AJ-10780,Anthony Jacobs,False,True,False
AJ-10795,Anthony Johnson,False,True,False
AJ-780,Anthony Jacobs,False,True,False
AJ-795,Anthony Johnson,False,True,False
AM-10360,Alice McCarthy,False,True,False
AM-360,Alice McCarthy,False,True,False
AO-10810,Anthony O'Donnell,False,True,False
AO-810,Anthony O'Donnell,False,True,False
AR-10345,Alex Russell,False,True,False
AR-10405,Allen Rosenblatt,False,True,False
AR-10825,Anthony Rawles,False,True,False
AR-345,Alex Russell,False,True,False
AR-405,Allen Rosenblatt,False,True,False
AR-825,Anthony Rawles,False,True,False
AS-10045,Aaron Smayling,False,True,False
AS-10225,Alan Schoenberger,False,True,False
AS-10285,Alejandro Savely,False,True,False
AS-225,Alan Schoenberger,False,True,False
AS-285,Alejandro Savely,False,True,False
AS-45,Aaron Smayling,False,True,False
AY-10555,Andy Yotov,False,True,False
AY-555,Andy Yotov,False,True,False
BB-10990,Barry Blumstein,False,True,False
BB-11545,Brenda Bowman,False,True,False
BB-1545,Brenda Bowman,False,True,False
BB-990,Barry Blumstein,False,True,False
BF-1020,Barry Franz├Âsisch,False,True,False
BF-10975,Barbara Fisher,False,True,False
BF-11020,Barry Franz├Âsisch,False,True,False
BF-11275,Beth Fritzler,False,True,False
BF-1275,Beth Fritzler,False,True,False
BF-975,Barbara Fisher,False,True,False
BG-11695,Brooke Gillingham,False,True,False
BG-1695,Brooke Gillingham,False,True,False
BM-11575,Brendan Murry,False,True,False
BM-11650,Brian Moss,False,True,False
BM-1575,Brendan Murry,False,True,False
BM-1650,Brian Moss,False,True,False
BN-11470,Brad Norvell,False,True,False
BN-1470,Brad Norvell,False,True,False
BO-11350,Bill Overfelt,False,True,False
BO-1350,Bill Overfelt,False,True,False
BP-1050,Barry Pond,False,True,False
BP-1095,Bart Pistole,False,True,False
BP-11050,Barry Pond,False,True,False
BP-11095,Bart Pistole,False,True,False
BP-11185,Ben Peterman,False,True,False
BP-1185,Ben Peterman,False,True,False
BS-11365,Bill Shonely,False,True,False
BS-11380,Bill Stewart,False,True,False
BS-11590,Brendan Sweed,False,True,False
BS-1365,Bill Shonely,False,True,False
BS-1380,Bill Stewart,False,True,False
BS-1590,Brendan Sweed,False,True,False
BT-11395,Bill Tyler,False,True,False
BT-1395,Bill Tyler,False,True,False
BV-11245,Benjamin Venier,False,True,False
BV-1245,Benjamin Venier,False,True,False
BW-1110,Bart Watters,False,True,False
BW-11110,Bart Watters,False,True,False
CA-11965,Carol Adams,False,True,False
CA-12310,Christine Abelman,False,True,False
CA-1965,Carol Adams,False,True,False
CA-2310,Christine Abelman,False,True,False
CB-12535,Claudia Bergmann,False,True,False
CB-2535,Claudia Bergmann,False,True,False
CC-12610,Corey Catlett,False,True,False
CC-2610,Corey Catlett,False,True,False
CJ-11875,Carl Jackson,False,True,False
CJ-1875,Carl Jackson,False,True,False
CK-12760,Cyma Kinney,False,True,False
CK-2760,Cyma Kinney,False,True,False
CM-11815,Candace McMahon,False,True,False
CM-11830,Cari MacIntyre,False,True,False
CM-12715,Craig Molinari,False,True,False
CM-1815,Candace McMahon,False,True,False
CM-1830,Cari MacIntyre,False,True,False
CM-2715,Craig Molinari,False,True,False
CP-12085,Cathy Prescott,False,True,False
CP-12340,Christine Phan,False,True,False
CP-2085,Cathy Prescott,False,True,False
CP-2340,Christine Phan,False,True,False
CS-11845,Cari Sayre,False,True,False
CS-12175,Charles Sheldon,False,True,False
CS-12250,Chris Selesnick,False,True,False
CS-12490,Cindy Schnelling,False,True,False
CS-1845,Cari Sayre,False,True,False
CS-2175,Charles Sheldon,False,True,False
CS-2250,Chris Selesnick,False,True,False
CS-2490,Cindy Schnelling,False,True,False
CV-12805,Cynthia Voltz,False,True,False
CV-2805,Cynthia Voltz,False,True,False
CY-12745,Craig Yedwab,False,True,False
CY-2745,Craig Yedwab,False,True,False
DB-12970,Darren Budd,False,True,False
DB-13120,David Bremer,False,True,False
DB-13555,Dorothy Badders,False,True,False
DB-2970,Darren Budd,False,True,False
DB-3120,David Bremer,False,True,False
DB-3555,Dorothy Badders,False,True,False
DG-13300,Deirdre Greer,False,True,False
DG-3300,Deirdre Greer,False,True,False
DH-13075,Dave Hallsten,False,True,False
DH-3075,Dave Hallsten,False,True,False
DJ-13420,Denny Joy,False,True,False
DJ-13510,Don Jones,False,True,False
DJ-3420,Denny Joy,False,True,False
DJ-3510,Don Jones,False,True,False
DK-12835,Damala Kotsonis,False,True,False
DK-13150,David Kendrick,False,True,False
DK-13225,Dean Katz,False,True,False
DK-2835,Damala Kotsonis,False,True,False
DK-3150,David Kendrick,False,True,False
DK-3225,Dean Katz,False,True,False
DL-13495,Dionis Lloyd,False,True,False
Dl-13600,Dorris liebe,False,True,False
DL-3495,Dionis Lloyd,False,True,False
Dl-3600,Dorris liebe,False,True,False
DM-12955,Dario Medina,False,True,False
DM-13345,Denise Monton,False,True,False
DM-13525,Don Miller,False,True,False
DM-2955,Dario Medina,False,True,False
DM-3345,Denise Monton,False,True,False
DM-3525,Don Miller,False,True,False
DP-13105,Dave Poirier,False,True,False
DP-3105,Dave Poirier,False,True,False
DR-12880,Dan Reichenbach,False,True,False
DR-2880,Dan Reichenbach,False,True,False
DS-13180,David Smith,False,True,False
DS-3180,David Smith,False,True,False
DV-13045,Darrin Van Huff,False,True,False
DV-3045,Darrin Van Huff,False,True,False
DW-13195,David Wiener,False,True,False
DW-13585,Dorothy Wardle,False,True,False
DW-3195,David Wiener,False,True,False
DW-3585,Dorothy Wardle,False,True,False
EA-14035,Erin Ashbrook,False,True,False
EA-4035,Erin Ashbrook,False,True,False
EB-13705,Ed Braxton,False,True,False
EB-13750,Edward Becker,False,True,False
EB-13840,Ellis Ballard,False,True,False
EB-13975,Erica Bern,False,True,False
EB-3705,Ed Braxton,False,True,False
EB-3750,Edward Becker,False,True,False
EB-3840,Ellis Ballard,False,True,False
EB-3975,Erica Bern,False,True,False
EH-13765,Edward Hooks,False,True,False
EH-3765,Edward Hooks,False,True,False
EM-13810,Eleni McCrary,False,True,False
EM-13825,Elizabeth Moffitt,False,True,False
EM-14095,Eudokia Martin,False,True,False
EM-3810,Eleni McCrary,False,True,False
EM-3825,Elizabeth Moffitt,False,True,False
EM-4095,Eudokia Martin,False,True,False
ER-13855,Elpida Rittenbach,False,True,False
ER-3855,Elpida Rittenbach,False,True,False
ES-14080,Erin Smith,False,True,False
ES-4080,Erin Smith,False,True,False
FA-14230,Frank Atkinson,False,True,False
FA-4230,Frank Atkinson,False,True,False
FC-14335,Fred Chung,False,True,False
FC-4335,Fred Chung,False,True,False
FH-14275,Frank Hawley,False,True,False
FH-14365,Fred Hopkins,False,True,False
FH-4275,Frank Hawley,False,True,False
FH-4365,Fred Hopkins,False,True,False
FM-14215,Filia McAdams,False,True,False
FM-4215,Filia McAdams,False,True,False
FW-14395,Fred Wasserman,False,True,False
FW-4395,Fred Wasserman,False,True,False
GB-14530,George Bell,False,True,False
GB-4530,George Bell,False,True,False
GD-14590,Giulietta Dortch,False,True,False
GD-4590,Giulietta Dortch,False,True,False
GG-14650,Greg Guthrie,False,True,False
GG-4650,Greg Guthrie,False,True,False
GH-14485,Gene Hale,False,True,False
GH-4485,Gene Hale,False,True,False
GK-14620,Grace Kelly,False,True,False
GK-4620,Grace Kelly,False,True,False
GM-14695,Greg Maxwell,False,True,False
GM-4695,Greg Maxwell,False,True,False
GP-14740,Guy Phonely,False,True,False
GP-4740,Guy Phonely,False,True,False
GR-14560,Georgia Rosenberg,False,True,False
GR-4560,Georgia Rosenberg,False,True,False
GT-14635,Grant Thornton,False,True,False
GT-4635,Grant Thornton,False,True,False
GZ-14545,George Zrebassa,False,True,False
GZ-4545,George Zrebassa,False,True,False
HE-14800,Harold Engle,False,True,False
HE-4800,Harold Engle,False,True,False
HG-14965,Henry Goldwyn,False,True,False
HG-4965,Henry Goldwyn,False,True,False
HH-15010,Hilary Holden,False,True,False
HH-5010,Hilary Holden,False,True,False
HK-14890,Heather Kirkland,False,True,False
HK-4890,Heather Kirkland,False,True,False
HM-14860,Harry Marie,False,True,False
HM-4860,Harry Marie,False,True,False
HR-14830,Harold Ryan,False,True,False
HR-4830,Harold Ryan,False,True,False
HW-14935,Helen Wasserman,False,True,False
HW-4935,Helen Wasserman,False,True,False
JB-15400,Jennifer Braxton,False,True,False
JB-5400,Jennifer Braxton,False,True,False
JC-16105,Julie Creighton,False,True,False
JC-6105,Julie Creighton,False,True,False
JD-15895,Jonathan Doherty,False,True,False
JD-16150,Justin Deggeller,False,True,False
JD-5895,Jonathan Doherty,False,True,False
JD-6150,Justin Deggeller,False,True,False
JE-15610,Jim Epp,False,True,False
JE-16165,Justin Ellison,False,True,False
JE-5610,Jim Epp,False,True,False
JE-6165,Justin Ellison,False,True,False
JG-15310,Jason Gross,False,True,False
JG-15805,John Grady,False,True,False
JG-5310,Jason Gross,False,True,False
JG-5805,John Grady,False,True,False
JK-15325,Jason Klamczynski,False,True,False
JK-5325,Jason Klamczynski,False,True,False
JM-15265,Janet Molinari,False,True,False
JM-15655,Jim Mitchum,False,True,False
JM-5265,Janet Molinari,False,True,False
JM-5655,Jim Mitchum,False,True,False
JO-15145,Jack O'Briant,False,True,False
JO-5145,Jack O'Briant,False,True,False
JP-15460,Jennifer Patt,False,True,False
JP-5460,Jennifer Patt,False,True,False
JR-16210,Justin Ritter,False,True,False
JR-6210,Justin Ritter,False,True,False
JS-15595,Jill Stevenson,False,True,False
JS-15685,Jim Sink,False,True,False
JS-5595,Jill Stevenson,False,True,False
JS-5685,Jim Sink,False,True,False
JW-15220,Jane Waco,False,True,False
JW-5220,Jane Waco,False,True,False
KB-16240,Karen Bern,False,True,False
KB-16585,Ken Black,False,True,False
KB-16600,Ken Brennan,False,True,False
KB-6240,Karen Bern,False,True,False
KB-6585,Ken Black,False,True,False
KB-6600,Ken Brennan,False,True,False
KC-16255,Karen Carlisle,False,True,False
KC-16675,Kimberly Carter,False,True,False
KC-6255,Karen Carlisle,False,True,False
KC-6675,Kimberly Carter,False,True,False
KD-16495,Keith Dawkins,False,True,False
KD-16615,Ken Dana,False,True,False
KD-6495,Keith Dawkins,False,True,False
KD-6615,Ken Dana,False,True,False
KE-16420,Katrina Edelman,False,True,False
KE-6420,Katrina Edelman,False,True,False
KH-16330,Katharine Harms,False,True,False
KH-16630,Ken Heidel,False,True,False
KH-16690,Kristen Hastings,False,True,False
KH-6330,Katharine Harms,False,True,False
KH-6630,Ken Heidel,False,True,False
KH-6690,Kristen Hastings,False,True,False
KL-16555,Kelly Lampkin,False,True,False
KL-6555,Kelly Lampkin,False,True,False
KM-16225,Kalyca Meade,False,True,False
KM-6225,Kalyca Meade,False,True,False
KN-16390,Katherine Nockton,False,True,False
KN-16450,Kean Nguyen,False,True,False
KN-6390,Katherine Nockton,False,True,False
KN-6450,Kean Nguyen,False,True,False
KS-16300,Karen Seio,False,True,False
KS-6300,Karen Seio,False,True,False
LA-16780,Laura Armstrong,False,True,False
LA-6780,Laura Armstrong,False,True,False
LC-16930,Linda Cazamias,False,True,False
LC-6930,Linda Cazamias,False,True,False
LD-16855,Lela Donovan,False,True,False
LD-6855,Lela Donovan,False,True,False
LO-17170,Lori Olson,False,True,False
LO-7170,Lori Olson,False,True,False
LR-17035,Lisa Ryan,False,True,False
LR-7035,Lisa Ryan,False,True,False
LS-16945,Linda Southworth,False,True,False
LS-17200,Luke Schmidt,False,True,False
LS-6945,Linda Southworth,False,True,False
LS-7200,Luke Schmidt,False,True,False
LW-16825,Laurel Workman,False,True,False
LW-16990,Lindsay Williams,False,True,False
LW-6825,Laurel Workman,False,True,False
LW-6990,Lindsay Williams,False,True,False
MC-17425,Mark Cousins,False,True,False
MC-17590,Matt Collister,False,True,False
MC-17605,Matt Connell,False,True,False
MC-17635,Matthew Clasen,False,True,False
MC-18130,Mike Caudle,False,True,False
MC-7425,Mark Cousins,False,True,False
MC-7590,Matt Collister,False,True,False
MC-7605,Matt Connell,False,True,False
MC-7635,Matthew Clasen,False,True,False
MC-8130,Mike Caudle,False,True,False
MD-17860,Michael Dominguez,False,True,False
MD-7860,Michael Dominguez,False,True,False
ME-18010,Michelle Ellison,False,True,False
ME-8010,Michelle Ellison,False,True,False
MF-17665,Maureen Fritzler,False,True,False
MF-18250,Monica Federle,False,True,False
MF-7665,Maureen Fritzler,False,True,False
MF-8250,Monica Federle,False,True,False
MG-18205,Mitch Gastineau,False,True,False
MG-8205,Mitch Gastineau,False,True,False
MH-17440,Mark Haberlin,False,True,False
MH-17620,Matt Hagelstein,False,True,False
MH-17785,Maya Herman,False,True,False
MH-7440,Mark Haberlin,False,True,False
MH-7620,Matt Hagelstein,False,True,False
MH-7785,Maya Herman,False,True,False
MK-17905,Michael Kennedy,False,True,False
MK-7905,Michael Kennedy,False,True,False
ML-17395,Marina Lichtenstein,False,True,False
ML-18040,Michelle Lonsdale,False,True,False
ML-7395,Marina Lichtenstein,False,True,False
ML-8040,Michelle Lonsdale,False,True,False
MM-18280,Muhammed MacIntyre,False,True,False
MM-8280,Muhammed MacIntyre,False,True,False
MP-17965,Michael Paige,False,True,False
MP-7965,Michael Paige,False,True,False
MS-17980,Michael Stewart,False,True,False
MS-7980,Michael Stewart,False,True,False
MW-18235,Mitch Willingham,False,True,False
MW-8235,Mitch Willingham,False,True,False
MY-17380,Maribeth Yedwab,False,True,False
MY-18295,Muhammed Yedwab,False,True,False
MY-7380,Maribeth Yedwab,False,True,False
MY-8295,Muhammed Yedwab,False,True,False
MZ-17515,Mary Zewe,False,True,False
MZ-7515,Mary Zewe,False,True,False
NB-18580,Nicole Brennan,False,True,False
NB-18655,Nona Balk,False,True,False
NB-8580,Nicole Brennan,False,True,False
NB-8655,Nona Balk,False,True,False
NC-18535,Nick Crebassa,False,True,False
NC-18625,Noah Childs,False,True,False
NC-8535,Nick Crebassa,False,True,False
NC-8625,Noah Childs,False,True,False
ND-18460,Neil Ducich,False,True,False
ND-8460,Neil Ducich,False,True,False
NG-18355,Nat Gilpin,False,True,False
NG-8355,Nat Gilpin,False,True,False
NH-18610,Nicole Hansen,False,True,False
NH-8610,Nicole Hansen,False,True,False
NS-18640,Noel Staavos,False,True,False
NS-8640,Noel Staavos,False,True,False
ON-18715,Odella Nelson,False,True,False
ON-8715,Odella Nelson,False,True,False
PB-19210,Phillip Breyer,False,True,False
PB-9210,Phillip Breyer,False,True,False
PC-18745,Pamela Coakley,False,True,False
PC-8745,Pamela Coakley,False,True,False
PJ-18835,Patrick Jones,False,True,False
PJ-8835,Patrick Jones,False,True,False
PW-19030,Pauline Webber,False,True,False
PW-9030,Pauline Webber,False,True,False
QJ-19255,Quincy Jones,False,True,False
QJ-9255,Quincy Jones,False,True,False
RA-19885,Ruben Ausman,False,True,False
RA-9885,Ruben Ausman,False,True,False
RB-19645,Robert Barroso,False,True,False
RB-9645,Robert Barroso,False,True,False
RF-19345,Randy Ferguson,False,True,False
RF-9345,Randy Ferguson,False,True,False
RP-19270,Rachel Payne,False,True,False
RP-19855,Roy Phan,False,True,False
RP-9270,Rachel Payne,False,True,False
RP-9855,Roy Phan,False,True,False
RR-19525,Rick Reed,False,True,False
RR-9525,Rick Reed,False,True,False
RS-19420,Ricardo Sperren,False,True,False
RS-19765,Roland Schwarz,False,True,False
RS-9420,Ricardo Sperren,False,True,False
RS-9765,Roland Schwarz,False,True,False
RW-19540,Rick Wilson,False,True,False
RW-19630,Rob Williams,False,True,False
RW-9540,Rick Wilson,False,True,False
RW-9630,Rob Williams,False,True,False
SB-10290,Sean Braxton,False,True,False
SB-20290,Sean Braxton,False,True,False
SC-10230,Scot Coram,False,True,False
SC-10260,Scott Cohen,False,True,False
SC-10440,Shaun Chance,False,True,False
SC-10695,Steve Chapman,False,True,False
SC-10770,Stewart Carmichael,False,True,False
SC-20230,Scot Coram,False,True,False
SC-20260,Scott Cohen,False,True,False
SC-20440,Shaun Chance,False,True,False
SC-20695,Steve Chapman,False,True,False
SC-20770,Stewart Carmichael,False,True,False
SF-10965,Sylvia Foulston,False,True,False
SF-20965,Sylvia Foulston,False,True,False
SG-10890,Susan Gilcrest,False,True,False
SG-20890,Susan Gilcrest,False,True,False
SH-10635,Stefanie Holloman,False,True,False
SH-19975,Sally Hughsby,False,True,False
SH-20635,Stefanie Holloman,False,True,False
SH-9975,Sally Hughsby,False,True,False
SM-10950,Suzanne McNair,False,True,False
SM-20950,Suzanne McNair,False,True,False
SP-10545,Sibella Parks,False,True,False
SP-10620,Stefania Perrino,False,True,False
SP-10650,Stephanie Phelps,False,True,False
SP-10860,Sung Pak,False,True,False
SP-20545,Sibella Parks,False,True,False
SP-20620,Stefania Perrino,False,True,False
SP-20650,Stephanie Phelps,False,True,False
SP-20860,Sung Pak,False,True,False
SS-10140,Saphhira Shifley,False,True,False
SS-20140,Saphhira Shifley,False,True,False
SV-10815,Stuart Van,False,True,False
SV-20815,Stuart Van,False,True,False
SW-10755,Steven Ward,False,True,False
SW-20755,Steven Ward,False,True,False
TB-11175,Thomas Boland,False,True,False
TB-11355,Todd Boyes,False,True,False
TB-21175,Thomas Boland,False,True,False
TB-21355,Todd Boyes,False,True,False
TC-10980,Tamara Chand,False,True,False
TC-11145,Theresa Coyne,False,True,False
TC-20980,Tamara Chand,False,True,False
TC-21145,Theresa Coyne,False,True,False
TH-11115,Thea Hudgings,False,True,False
TH-11235,Tiffany House,False,True,False
TH-21115,Thea Hudgings,False,True,False
TH-21235,Tiffany House,False,True,False
TP-11565,Tracy Poddar,False,True,False
TP-21565,Tracy Poddar,False,True,False
TS-11160,Theresa Swint,False,True,False
TS-11205,Thomas Seio,False,True,False
TS-11370,Todd Sumrall,False,True,False
TS-11430,Tom Stivers,False,True,False
TS-21160,Theresa Swint,False,True,False
TS-21205,Thomas Seio,False,True,False
TS-21370,Todd Sumrall,False,True,False
TS-21430,Tom Stivers,False,True,False
TT-11265,Tim Taslimi,False,True,False
TT-21265,Tim Taslimi,False,True,False
TZ-11445,Tom Zandusky,False,True,False
TZ-21445,Tom Zandusky,False,True,False
VB-11745,Victoria Brennan,False,True,False
VB-21745,Victoria Brennan,False,True,False
VG-11805,Vivek Grady,False,True,False
VG-21805,Vivek Grady,False,True,False
VP-11760,Victoria Pisteka,False,True,False
VP-21760,Victoria Pisteka,False,True,False
VW-11775,Victoria Wilson,False,True,False
VW-21775,Victoria Wilson,False,True,False
YC-11895,Yoseph Carroll,False,True,False
YC-21895,Yoseph Carroll,False,True,False
YS-11880,Yana Sorensen,False,True,False
YS-21880,Yana Sorensen,False,True,False
AB-10060,Adam Bellavance,False,False,True
AB-10255,Alejandro Ballentine,False,False,True
AB-255,Alejandro Ballentine,False,False,True
AB-60,Adam Bellavance,False,False,True
AD-10180,Alan Dominguez,False,False,True
AD-180,Alan Dominguez,False,False,True
AG-10765,Anthony Garverick,False,False,True
AG-765,Anthony Garverick,False,False,True
AH-10120,Adrian Hane,False,False,True
AH-120,Adrian Hane,False,False,True
AP-10720,Anne Pryor,False,False,True
AP-720,Anne Pryor,False,False,True
AS-10135,Adrian Shami,False,False,True
AS-10630,Ann Steele,False,False,True
AS-135,Adrian Shami,False,False,True
AS-630,Ann Steele,False,False,True
AT-10435,Alyssa Tate,False,False,True
AT-435,Alyssa Tate,False,False,True
AW-10930,Arthur Wiediger,False,False,True
AW-930,Arthur Wiediger,False,False,True
BC-11125,Becky Castell,False,False,True
BC-1125,Becky Castell,False,False,True
BD-11560,Brendan Dodson,False,False,True
BD-1560,Brendan Dodson,False,False,True
BE-11335,Bill Eplett,False,False,True
BE-11455,Brad Eason,False,False,True
BE-1335,Bill Eplett,False,False,True
BE-1455,Brad Eason,False,False,True
BF-1005,Barry Franz,False,False,True
BF-11005,Barry Franz,False,False,True
BF-11170,Ben Ferrer,False,False,True
BF-11215,Benjamin Farhat,False,False,True
BF-1170,Ben Ferrer,False,False,True
BF-1215,Benjamin Farhat,False,False,True
BS-11800,Bryan Spruell,False,False,True
BS-1800,Bryan Spruell,False,False,True
BT-11305,Beth Thompson,False,False,True
BT-11485,Brad Thomas,False,False,True
BT-11530,Bradley Talbott,False,False,True
BT-1305,Beth Thompson,False,False,True
BT-1485,Brad Thomas,False,False,True
BT-1530,Bradley Talbott,False,False,True
CA-12055,Cathy Armstrong,False,False,True
CA-2055,Cathy Armstrong,False,False,True
CC-12100,Chad Cunningham,False,False,True
CC-12430,Chuck Clark,False,False,True
CC-2100,Chad Cunningham,False,False,True
CC-2430,Chuck Clark,False,False,True
CD-12790,Cynthia Delaney,False,False,True
CD-2790,Cynthia Delaney,False,False,True
CG-12040,Catherine Glotzbach,False,False,True
CG-2040,Catherine Glotzbach,False,False,True
CH-12070,Cathy Hwang,False,False,True
CH-2070,Cathy Hwang,False,False,True
CK-12325,Christine Kargatis,False,False,True
CK-2325,Christine Kargatis,False,False,True
CL-12700,Craig Leslie,False,False,True
CL-2700,Craig Leslie,False,False,True
CM-12655,Corinna Mitchell,False,False,True
CM-2655,Corinna Mitchell,False,False,True
CR-12580,Clay Rozendal,False,False,True
CR-12625,Corey Roper,False,False,True
CR-12820,Cyra Reiten,False,False,True
CR-2580,Clay Rozendal,False,False,True
CR-2625,Corey Roper,False,False,True
CR-2820,Cyra Reiten,False,False,True
CS-12400,Christopher Schild,False,False,True
CS-2400,Christopher Schild,False,False,True
CW-11905,Carl Weiss,False,False,True
CW-1905,Carl Weiss,False,False,True
DA-13450,Dianna Arnett,False,False,True
DA-3450,Dianna Arnett,False,False,True
DB-12910,Daniel Byrd,False,False,True
DB-13270,Deborah Brumfield,False,False,True
DB-13360,Dennis Bolton,False,False,True
DB-2910,Daniel Byrd,False,False,True
DB-3270,Deborah Brumfield,False,False,True
DB-3360,Dennis Bolton,False,False,True
DE-13255,Deanra Eno,False,False,True
DE-3255,Deanra Eno,False,False,True
DH-13675,Duane Huffman,False,False,True
DH-3675,Duane Huffman,False,False,True
Dp-13240,Dean percer,False,False,True
DP-13390,Dennis Pardue,False,False,True
Dp-3240,Dean percer,False,False,True
DP-3390,Dennis Pardue,False,False,True
DR-12940,Daniel Raglin,False,False,True
DR-2940,Daniel Raglin,False,False,True
DS-13030,Darrin Sayre,False,False,True
DS-3030,Darrin Sayre,False,False,True
DW-13480,Dianna Wilson,False,False,True
DW-3480,Dianna Wilson,False,False,True
ED-13885,Emily Ducich,False,False,True
ED-3885,Emily Ducich,False,False,True
EH-14005,Erica Hernandez,False,False,True
EH-14125,Eugene Hildebrand,False,False,True
EH-4005,Erica Hernandez,False,False,True
EH-4125,Eugene Hildebrand,False,False,True
EK-13795,Eileen Kiefer,False,False,True
EK-3795,Eileen Kiefer,False,False,True
EL-13735,Ed Ludwig,False,False,True
EL-3735,Ed Ludwig,False,False,True
EM-14140,Eugene Moren,False,False,True
EM-14200,Evan Minnotte,False,False,True
EM-4140,Eugene Moren,False,False,True
EM-4200,Evan Minnotte,False,False,True
FC-14245,Frank Carlisle,False,False,True
FC-4245,Frank Carlisle,False,False,True
FG-14260,Frank Gastineau,False,False,True
FG-4260,Frank Gastineau,False,False,True
FM-14290,Frank Merwin,False,False,True
FM-4290,Frank Merwin,False,False,True
GH-14410,Gary Hansen,False,False,True
GH-4410,Gary Hansen,False,False,True
GM-14455,Gary Mitchum,False,False,True
GM-4455,Gary Mitchum,False,False,True
HD-14785,Harold Dahlen,False,False,True
HD-4785,Harold Dahlen,False,False,True
HJ-14875,Heather Jas,False,False,True
HJ-4875,Heather Jas,False,False,True
HP-14815,Harold Pawlan,False,False,True
HP-4815,Harold Pawlan,False,False,True
HR-14770,Hallie Redmond,False,False,True
HR-4770,Hallie Redmond,False,False,True
JB-16045,Julia Barnett,False,False,True
JB-6045,Julia Barnett,False,False,True
JJ-15760,Joel Jenkins,False,False,True
JJ-5760,Joel Jenkins,False,False,True
JK-15640,Jim Kriz,False,False,True
JK-16120,Julie Kriz,False,False,True
JK-5640,Jim Kriz,False,False,True
JK-6120,Julie Kriz,False,False,True
JL-15175,James Lanier,False,False,True
JL-5175,James Lanier,False,False,True
JO-15550,Jesus Ocampo,False,False,True
JO-5550,Jesus Ocampo,False,False,True
JP-16135,Julie Prescott,False,False,True
JP-6135,Julie Prescott,False,False,True
JS-15940,Joni Sundaresam,False,False,True
JS-5940,Joni Sundaresam,False,False,True
KB-16405,Katrina Bavinger,False,False,True
KB-6405,Katrina Bavinger,False,False,True
KF-16285,Karen Ferguson,False,False,True
KF-6285,Karen Ferguson,False,False,True
KM-16375,Katherine Murray,False,False,True
KM-6375,Katherine Murray,False,False,True
KN-16705,Kristina Nunn,False,False,True
KN-6705,Kristina Nunn,False,False,True
LB-16795,Laurel Beltran,False,False,True
LB-6795,Laurel Beltran,False,False,True
LC-16960,Lindsay Castell,False,False,True
LC-6960,Lindsay Castell,False,False,True
LS-16975,Lindsay Shagiari,False,False,True
LS-6975,Lindsay Shagiari,False,False,True
MA-17560,Matt Abelman,False,False,True
MA-17995,Michelle Arnett,False,False,True
MA-7560,Matt Abelman,False,False,True
MA-7995,Michelle Arnett,False,False,True
ME-17320,Maria Etezadi,False,False,True
ME-7320,Maria Etezadi,False,False,True
MG-17650,Matthew Grinstein,False,False,True
MG-17680,Maureen Gastineau,False,False,True
MG-17875,Michael Grace,False,False,True
MG-17890,Michael Granlund,False,False,True
MG-7650,Matthew Grinstein,False,False,True
MG-7680,Maureen Gastineau,False,False,True
MG-7875,Michael Grace,False,False,True
MG-7890,Michael Granlund,False,False,True
MH-17290,Marc Harrigan,False,False,True
MH-18115,Mick Hernandez,False,False,True
MH-7290,Marc Harrigan,False,False,True
MH-8115,Mick Hernandez,False,False,True
ML-17755,Max Ludwig,False,False,True
ML-7755,Max Ludwig,False,False,True
MO-17800,Meg O'Connel,False,False,True
MO-7800,Meg O'Connel,False,False,True
MP-17470,Mark Packer,False,False,True
MP-18175,Mike Pelletier,False,False,True
MP-7470,Mark Packer,False,False,True
MP-8175,Mike Pelletier,False,False,True
MR-17545,Mathew Reese,False,False,True
MR-7545,Mathew Reese,False,False,True
MT-18070,Michelle Tran,False,False,True
MT-8070,Michelle Tran,False,False,True
MZ-17335,Maria Zettner,False,False,True
MZ-7335,Maria Zettner,False,False,True
NF-18475,Neil Franz├Âsisch,False,False,True
NF-18595,Nicole Fjeld,False,False,True
NF-8475,Neil Franz├Âsisch,False,False,True
NF-8595,Nicole Fjeld,False,False,True
NK-18490,Neil Knudson,False,False,True
NK-8490,Neil Knudson,False,False,True
NL-18310,Nancy Lomonaco,False,False,True
NL-8310,Nancy Lomonaco,False,False,True
NM-18445,Nathan Mautz,False,False,True
NM-8445,Nathan Mautz,False,False,True
NP-18685,Nora Pelletier,False,False,True
NP-8685,Nora Pelletier,False,False,True
NZ-18565,Nick Zandusky,False,False,True
NZ-8565,Nick Zandusky,False,False,True
PA-19060,Pete Armstrong,False,False,True
PA-9060,Pete Armstrong,False,False,True
PB-18805,Patrick Bzostek,False,False,True
PB-8805,Patrick Bzostek,False,False,True
PC-19000,Pauline Chand,False,False,True
PC-9000,Pauline Chand,False,False,True
PH-18790,Patricia Hirasaki,False,False,True
PH-8790,Patricia Hirasaki,False,False,True
PK-18910,Paul Knutson,False,False,True
PK-8910,Paul Knutson,False,False,True
PL-18925,Paul Lucas,False,False,True
PL-8925,Paul Lucas,False,False,True
PM-19135,Peter McVee,False,False,True
PM-9135,Peter McVee,False,False,True
PN-18775,Parhena Norris,False,False,True
PN-8775,Parhena Norris,False,False,True
PO-19180,Philisse Overcash,False,False,True
PO-19195,Phillina Ober,False,False,True
PO-9180,Philisse Overcash,False,False,True
PO-9195,Phillina Ober,False,False,True
PP-18955,Paul Prost,False,False,True
PP-8955,Paul Prost,False,False,True
PS-18970,Paul Stevenson,False,False,True
PS-19045,Penelope Sewall,False,False,True
PS-8970,Paul Stevenson,False,False,True
PS-9045,Penelope Sewall,False,False,True
PV-18985,Paul Van Hugh,False,False,True
PV-8985,Paul Van Hugh,False,False,True
RB-19465,Rick Bensley,False,False,True
RB-19705,Roger Barcio,False,False,True
RB-19795,Ross Baird,False,False,True
RB-9465,Rick Bensley,False,False,True
RB-9705,Roger Barcio,False,False,True
RB-9795,Ross Baird,False,False,True
RD-19660,Robert Dilbeck,False,False,True
RD-19810,Ross DeVincentis,False,False,True
RD-9660,Robert Dilbeck,False,False,True
RD-9810,Ross DeVincentis,False,False,True
RH-19510,Rick Huthwaite,False,False,True
RH-9510,Rick Huthwaite,False,False,True
RM-19675,Robert Marley,False,False,True
RM-9675,Robert Marley,False,False,True
RS-19870,Roy Skaria,False,False,True
RS-9870,Roy Skaria,False,False,True
SC-10050,Sample Company A,False,False,True
SC-10680,Steve Carroll,False,False,True
SC-20050,Sample Company A,False,False,True
SC-20680,Steve Carroll,False,False,True
SD-10485,Shirley Daniels,False,False,True
SD-20485,Shirley Daniels,False,False,True
SJ-10125,Sanjit Jacobs,False,False,True
SJ-20125,Sanjit Jacobs,False,False,True
SL-10155,Sara Luxemburg,False,False,True
SL-20155,Sara Luxemburg,False,False,True
SM-10320,Sean Miller,False,False,True
SM-20320,Sean Miller,False,False,True
SN-10560,Skye Norling,False,False,True
SN-10710,Steve Nguyen,False,False,True
SN-20560,Skye Norling,False,False,True
SN-20710,Steve Nguyen,False,False,True
SR-10425,Sharelle Roach,False,False,True
SR-10740,Steven Roelle,False,False,True
SR-20425,Sharelle Roach,False,False,True
SR-20740,Steven Roelle,False,False,True
SS-10515,Shirley Schmidt,False,False,True
SS-20515,Shirley Schmidt,False,False,True
SU-10665,Stephanie Ulpright,False,False,True
SU-20665,Stephanie Ulpright,False,False,True
SW-10350,Sean Wendt,False,False,True
SW-20350,Sean Wendt,False,False,True
SZ-10035,Sam Zeldin,False,False,True
SZ-20035,Sam Zeldin,False,False,True
TA-11385,Tom Ashbrook,False,False,True
TA-21385,Tom Ashbrook,False,False,True
TB-11190,Thomas Brumley,False,False,True
TB-21190,Thomas Brumley,False,False,True
TC-11475,Tony Chapman,False,False,True
TC-11535,Tracy Collins,False,False,True
TC-21475,Tony Chapman,False,False,True
TC-21535,Tracy Collins,False,False,True
TH-11550,Tracy Hopkins,False,False,True
TH-21550,Tracy Hopkins,False,False,True
TN-11040,Tanja Norvell,False,False,True
TN-21040,Tanja Norvell,False,False,True
TT-11460,Tonja Turnell,False,False,True
TT-21460,Tonja Turnell,False,False,True
TW-11025,Tamara Willingham,False,False,True
TW-21025,Tamara Willingham,False,False,True
VF-11715,Vicky Freymann,False,False,True
VF-21715,Vicky Freymann,False,False,True
VM-11685,Valerie Mitchum,False,False,True
VM-21685,Valerie Mitchum,False,False,True
VP-11730,Victor Preis,False,False,True
VP-21730,Victor Preis,False,False,True
VT-11700,Valerie Takahito,False,False,True
VT-21700,Valerie Takahito,False,False,True
